{
    "train_loss": [
        1.6939907644798602,
        1.499304239362279,
        1.396227796783957,
        1.3103829940868115,
        1.2273369285470925,
        1.156727395238218,
        1.092559968575603,
        1.025345905851946,
        0.959794970025995,
        0.8842473798711475,
        0.8190177943233923,
        0.7502982799619237,
        0.6816849749709556,
        0.6328525237888429,
        0.5079820484653083,
        0.4551718660478868,
        0.4161645059197942,
        0.38001552907820535,
        0.3588151250092649,
        0.3313801794049469,
        0.28154001604010637,
        0.25917064823326397,
        0.24823363384186292,
        0.23422514788292034,
        0.22377720349084562,
        0.21653710538002854,
        0.19688475939273037,
        0.18325193533321266,
        0.17890489146212957,
        0.17384238868852236,
        0.1688351540065024,
        0.17058489335605456,
        0.15399258412039094,
        0.1529586634335247,
        0.14912918531118097,
        0.1482233035819966,
        0.14252345435288144,
        0.14324239838063585,
        0.13611613389079713,
        0.1374785878958973,
        0.13537761523390401,
        0.13702248786067908,
        0.13269111818586266,
        0.13213891657131552,
        0.1310090083330206,
        0.1267985158946307,
        0.1269023018683782,
        0.12726267366224117,
        0.12562178315922518,
        0.1254271688914644
    ],
    "train_acc": [
        32.02828381343829,
        42.54066668988819,
        46.15277439130586,
        50.17241979866941,
        53.26552648995089,
        56.4561635723989,
        58.75857744958027,
        61.25256888083876,
        63.70127834476993,
        66.822250862099,
        69.27444355428611,
        72.17248946323453,
        74.51670207948727,
        76.3628130551395,
        81.29158103730538,
        83.3048869692431,
        84.78525897802083,
        86.19596642167961,
        86.88912884461318,
        87.57880803929082,
        89.5537984604131,
        90.66843150231635,
        90.95753944756,
        91.47305722944024,
        92.02340729387997,
        92.32993138040335,
        92.93601309693824,
        93.66052457417534,
        93.8033369326692,
        93.82075307394894,
        94.07851196488906,
        93.90783378034763,
        94.5870632902574,
        94.50346581211467,
        94.69852659444773,
        94.87268800724512,
        95.15831272423281,
        94.99111776794733,
        95.28022571319099,
        95.22101083283988,
        95.36382319133372,
        95.10954752864956,
        95.34640705005398,
        95.39168901738131,
        95.412588386917,
        95.54146783238706,
        95.64944790832143,
        95.54146783238706,
        95.74349507123202,
        95.66686404960117
    ],
    "val_loss": [
        1.5545107558765243,
        1.438768215939007,
        1.3814976837782733,
        1.2862931706209098,
        1.266283613918102,
        1.2100210548502155,
        1.2086668990354623,
        1.2067059816512387,
        1.2156519130267929,
        1.2155260491160165,
        1.216289626813568,
        1.277358753491292,
        1.3195026880871934,
        1.374976189790574,
        1.4468166411450478,
        1.5520856069252553,
        1.592954975313845,
        1.638976851923276,
        1.7454508659058967,
        1.7985817188710238,
        1.8477919101715088,
        1.9256689047391435,
        1.96554703469825,
        1.966733094865242,
        2.002714267346711,
        2.0674859285354614,
        2.130626271783778,
        2.152652521049027,
        2.197892362037591,
        2.2106251959252146,
        2.278972578259696,
        2.3029054176490917,
        2.3370938438229856,
        2.325176225299329,
        2.3273520274499875,
        2.3609489471511504,
        2.4035771056614093,
        2.421106634941776,
        2.427095774000725,
        2.4516223452787482,
        2.445921033884572,
        2.4516620187632805,
        2.48457350667599,
        2.4616030602328545,
        2.4697171017131976,
        2.4748658912371746,
        2.4810317116501057,
        2.4880376706081155,
        2.4980274053801477,
        2.509382644058329
    ],
    "val_acc": [
        39.89969350794093,
        44.622457509055444,
        46.517135692393424,
        51.30955697966007,
        51.54639175257732,
        54.13764279743661,
        54.931735859570914,
        56.06018389523544,
        55.94873223739203,
        57.021454444134854,
        57.34187796043466,
        57.04931735859571,
        56.9378657007523,
        56.64530509891335,
        57.71802730565617,
        57.634438562273616,
        57.871273335190864,
        57.982724993034275,
        57.85734187796044,
        57.45332961827807,
        57.982724993034275,
        57.885204792421284,
        57.89913624965171,
        58.2613541376428,
        58.12203956533853,
        57.885204792421284,
        58.13597102256896,
        58.24742268041237,
        58.205628308721096,
        58.42853162440791,
        58.08024519364726,
        58.28921705210365,
        58.17776539426024,
        58.163833937029814,
        58.108108108108105,
        58.08024519364726,
        58.108108108108105,
        58.163833937029814,
        58.40066870994706,
        58.35887433825578,
        58.038450821955976,
        58.23349122318194,
        58.28921705210365,
        58.163833937029814,
        58.17776539426024,
        58.17776539426024,
        58.12203956533853,
        58.14990247979939,
        58.163833937029814,
        58.23349122318194
    ],
    "learning_rates": [
        0.001,
        0.001,
        0.001,
        0.001,
        0.001,
        0.001,
        0.001,
        0.001,
        0.001,
        0.001,
        0.001,
        0.001,
        0.001,
        0.001,
        0.0005,
        0.0005,
        0.0005,
        0.0005,
        0.0005,
        0.0005,
        0.00025,
        0.00025,
        0.00025,
        0.00025,
        0.00025,
        0.00025,
        0.000125,
        0.000125,
        0.000125,
        0.000125,
        0.000125,
        0.000125,
        6.25e-05,
        6.25e-05,
        6.25e-05,
        6.25e-05,
        6.25e-05,
        6.25e-05,
        3.125e-05,
        3.125e-05,
        3.125e-05,
        3.125e-05,
        3.125e-05,
        3.125e-05,
        1.5625e-05,
        1.5625e-05,
        1.5625e-05,
        1.5625e-05,
        1.5625e-05,
        1.5625e-05
    ],
    "model_type": "original",
    "training_start": "20260413_164619"
}