{
    "train_loss": [
        1.7461093735854185,
        1.4481381740761228,
        1.3332473007767132,
        1.268332741042819,
        1.209166899821275,
        1.1528432333389742,
        1.103324831063073,
        1.0576097539113731,
        1.0126448695803008,
        0.9671415956089385,
        0.9154422790276712,
        0.8599473068071632,
        0.8079713817959638,
        0.7502554811719797,
        0.695327825960444,
        0.6331124122530422,
        0.5840206606881921,
        0.4397161515027218,
        0.37972816101426804,
        0.32785652186265235,
        0.2991124869123068,
        0.2745696483615512,
        0.24317441618522184,
        0.19612983249144458,
        0.1696905980513064,
        0.15010736198195637,
        0.14000618083605787,
        0.1298794922250881,
        0.11948578123559134,
        0.10044992519314411,
        0.09523521187841759,
        0.08930224439913287,
        0.08586944990225119,
        0.08085319852634833,
        0.07978817064705034,
        0.0728946651917009,
        0.06863781319669798,
        0.06999574786981357,
        0.06766232495239723,
        0.06528373239748594,
        0.06317460180917767,
        0.063370291367671,
        0.05970407688455088,
        0.05784965124508088,
        0.05726095737748362,
        0.05925996333385562,
        0.05409830347645223,
        0.053978651400058135,
        0.054754087787519785,
        0.05191768684480464
    ],
    "train_acc": [
        31.81580688982549,
        43.84339405761259,
        48.437772127207495,
        51.13379079731095,
        53.66958096764081,
        55.78390051900101,
        57.96091817896827,
        59.584102546239855,
        61.3361663589815,
        63.405203943014385,
        65.29659688599394,
        67.21585565502107,
        69.40332299975617,
        71.32606499703925,
        73.36723675502455,
        75.66616740394998,
        77.63419136856038,
        82.96701382841617,
        85.29032707513323,
        87.3941969417256,
        88.39388345118256,
        89.44581838447874,
        90.62663276324497,
        92.73398585809328,
        93.66749103068724,
        94.42335156222788,
        94.71942596398343,
        95.31854122400641,
        95.67034727785712,
        96.37047615730259,
        96.60036922219513,
        96.73273189592113,
        96.82677905883172,
        97.10543731930754,
        97.16813542791459,
        97.46420982967014,
        97.60353895990804,
        97.31094778640845,
        97.58960604688426,
        97.61050541641994,
        97.7324184053781,
        97.72196872061026,
        97.84736493782438,
        97.9588282420147,
        97.89613013340764,
        97.80904942700896,
        98.1051238287645,
        98.09119091574071,
        98.05635863318123,
        98.1120902852764
    ],
    "val_loss": [
        1.5008320196539955,
        1.379786153810214,
        1.2674253008006948,
        1.258283935816942,
        1.1714403914139333,
        1.1584400423860128,
        1.1200495963602994,
        1.1116801310429532,
        1.0908136177906949,
        1.109497117785226,
        1.0749264417496402,
        1.0860836574461608,
        1.106941712641083,
        1.1969981204091975,
        1.2159778707850295,
        1.2055200876387875,
        1.2695988116011154,
        1.434112090980057,
        1.477490009459774,
        1.6515638226956393,
        1.723816795686705,
        1.7577002074866168,
        2.020493718375147,
        2.129154245410345,
        2.2142275054897884,
        2.315972943221573,
        2.359898610452635,
        2.54707202869179,
        2.632547209748125,
        2.6687018322733653,
        2.86711181265063,
        2.8590601587717512,
        2.916508034267257,
        2.994043203581751,
        3.1137036296118676,
        3.105426057250099,
        3.164830598156009,
        3.218693545434327,
        3.2243547893203464,
        3.152504113923132,
        3.320119536028499,
        3.2934548707134956,
        3.329824654401931,
        3.375840393842849,
        3.4438924799978206,
        3.401185224541521,
        3.4524880774253237,
        3.480661698147259,
        3.524346340019091,
        3.514702662957453
    ],
    "val_acc": [
        41.40429088882697,
        46.19671217609362,
        49.81889105600446,
        51.476734466425185,
        54.83421565895793,
        55.80941766508777,
        57.18863193089997,
        57.300083588743384,
        58.59570911117303,
        59.19476177208136,
        60.1699637782112,
        61.29841181387573,
        60.406798551128446,
        60.824742268041234,
        59.93312900529396,
        61.8138757314015,
        61.20089161326275,
        62.88659793814433,
        62.538311507383675,
        62.80300919476177,
        62.20395653385344,
        62.538311507383675,
        62.8169406519922,
        62.8169406519922,
        62.88659793814433,
        63.234884368904986,
        63.15129562552243,
        62.67762607968793,
        63.03984396767902,
        62.99804959598774,
        62.87266648091391,
        62.8169406519922,
        62.85873502368348,
        63.16522708275286,
        63.31847311228754,
        63.123432711061575,
        63.09556979660073,
        63.22095291167456,
        63.053775424909446,
        62.62190025076623,
        63.10950125383115,
        62.607968793535804,
        62.98411813875732,
        62.761214823070496,
        62.87266648091391,
        62.67762607968793,
        62.87266648091391,
        62.78907773753134,
        62.900529395374754,
        62.73335190860964
    ],
    "learning_rates": [
        0.001,
        0.001,
        0.001,
        0.001,
        0.001,
        0.001,
        0.001,
        0.001,
        0.001,
        0.001,
        0.001,
        0.001,
        0.001,
        0.001,
        0.001,
        0.001,
        0.001,
        0.0005,
        0.0005,
        0.0005,
        0.0005,
        0.0005,
        0.0005,
        0.00025,
        0.00025,
        0.00025,
        0.00025,
        0.00025,
        0.00025,
        0.000125,
        0.000125,
        0.000125,
        0.000125,
        0.000125,
        0.000125,
        6.25e-05,
        6.25e-05,
        6.25e-05,
        6.25e-05,
        6.25e-05,
        6.25e-05,
        3.125e-05,
        3.125e-05,
        3.125e-05,
        3.125e-05,
        3.125e-05,
        3.125e-05,
        1.5625e-05,
        1.5625e-05,
        1.5625e-05
    ],
    "model_type": "regularized",
    "training_start": "20260412_224038"
}