{
    "train_loss": [
        2.1225379416034587,
        1.718799275120011,
        1.6205793223561582,
        1.5624214702831345,
        1.5158222836747202,
        1.4762298081128262,
        1.459270579246742,
        1.4260719900407346,
        1.4050119024077077,
        1.3864918336570926,
        1.3584825095195814,
        1.3417471992411965,
        1.3141279569712938,
        1.2924272996811135,
        1.2683454489123849,
        1.247550679341722,
        1.219244726914871,
        1.1992027342717737,
        1.1770653027734141,
        1.1593462461087114,
        1.1276569118213016,
        1.113910370388116,
        1.0596251295244774,
        1.0305062755444534,
        1.01393700840744,
        0.9914975803519676,
        0.9786492595428348,
        0.9690378620258153,
        0.937416988783796,
        0.9224374736337726,
        0.9150469591198095,
        0.907766284947937,
        0.8988828839597298,
        0.8958923861815828,
        0.8833196333097191,
        0.8665592334583767,
        0.8653857576555027,
        0.8584554028139348,
        0.8530633584959204,
        0.8534940985635022,
        0.8402404161232352,
        0.8461928145922637,
        0.8390568700558889,
        0.8404544040992159,
        0.8361288429899577,
        0.8316966011157811,
        0.8264154137375626,
        0.825160493298469,
        0.8318119534272659,
        0.8218661565955869
    ],
    "train_acc": [
        25.448465637953255,
        29.666655055905814,
        34.91239680936292,
        37.744261381448325,
        39.653070465707614,
        41.18220767006862,
        41.70469190846076,
        42.941237939322164,
        43.899125709707754,
        44.50520742624264,
        45.63377338116967,
        45.98557943502038,
        46.77627224912049,
        47.64707931310739,
        48.28799331220175,
        49.26678045212303,
        50.21421853774078,
        50.81333379776377,
        51.11289142777526,
        51.823469991988574,
        52.8858546100526,
        53.34912396809363,
        55.00714061792469,
        55.91974642098297,
        56.61639207217249,
        57.43146748406423,
        57.720575429307885,
        58.00620014629558,
        59.05116862307987,
        59.775680100316976,
        60.009056393465464,
        60.381761816851856,
        60.55244000139329,
        61.05750809850569,
        61.02267581594622,
        61.949214532028286,
        62.16169145564109,
        62.307987042390884,
        62.24877216203978,
        62.33933609669442,
        63.231042530217,
        62.94890104148525,
        63.140478595562364,
        62.924518443693614,
        63.41217039952628,
        63.649029920930715,
        63.666446062210454,
        63.79880873593647,
        63.45396913859765,
        63.77094290988889
    ],
    "val_loss": [
        1.712196790011583,
        1.6127736589549917,
        1.5285005949239816,
        1.4800361067847867,
        1.4433305822642504,
        1.3981025218963623,
        1.3694453777465145,
        1.3971604298701328,
        1.362984603485175,
        1.3523810838176087,
        1.324581961716171,
        1.3055980722461127,
        1.332746361209228,
        1.3117235782927117,
        1.3023431359139164,
        1.2849200320454826,
        1.3030465872941819,
        1.2950503061302996,
        1.2916951068734701,
        1.3159834816392544,
        1.3253581914226567,
        1.3354409985837683,
        1.3411233567558558,
        1.3588200775922927,
        1.3633101951759474,
        1.429448546034045,
        1.4996783801939635,
        1.4623507129407562,
        1.481470718320492,
        1.5817125270851946,
        1.6067390294201607,
        1.5842373629586886,
        1.622636600405769,
        1.6384543423104074,
        1.6944344877141766,
        1.7090995348660292,
        1.777171958336788,
        1.7381200136336605,
        1.7694326528405722,
        1.8694967474557658,
        1.8302100401009078,
        1.8878258909799357,
        1.9206623672384076,
        1.8836085437673382,
        1.924242313984221,
        1.9514232262045936,
        1.9687394441756527,
        1.9878969435143259,
        1.9608725066733572,
        2.0113441353350616
    ],
    "val_acc": [
        29.26999164112566,
        34.73112287545277,
        40.80523822791864,
        43.48007801616049,
        44.733909166898854,
        45.27723599888548,
        46.34995820562831,
        45.472276400111454,
        46.89328503761494,
        47.032599609919195,
        48.356088046809695,
        49.44274171078295,
        48.82975759264419,
        48.87155196433547,
        49.860685427695735,
        50.250766230147676,
        49.23376985232655,
        50.37614934522151,
        51.51852883811647,
        52.13151295625522,
        51.3234884368905,
        50.18110894399554,
        51.76929506826414,
        52.92560601838952,
        52.49373084424631,
        53.09278350515464,
        52.71663415993313,
        53.03705767623293,
        53.34354973530231,
        53.552521593758705,
        53.56645305098913,
        53.35748119253274,
        53.24602953468933,
        53.831150738367235,
        53.482864307606576,
        53.67790470883254,
        53.12064641961549,
        53.52465867929786,
        53.09278350515464,
        53.301755363611036,
        53.52465867929786,
        53.41320702145445,
        53.16244079130677,
        52.92560601838952,
        53.39927556422402,
        53.39927556422402,
        53.34354973530231,
        53.371412649763165,
        53.190303705767626,
        53.329618278071884
    ],
    "learning_rates": [
        0.001,
        0.001,
        0.001,
        0.001,
        0.001,
        0.001,
        0.001,
        0.001,
        0.001,
        0.001,
        0.001,
        0.001,
        0.001,
        0.001,
        0.001,
        0.001,
        0.001,
        0.001,
        0.001,
        0.001,
        0.001,
        0.001,
        0.0005,
        0.0005,
        0.0005,
        0.0005,
        0.0005,
        0.0005,
        0.00025,
        0.00025,
        0.00025,
        0.00025,
        0.00025,
        0.00025,
        0.000125,
        0.000125,
        0.000125,
        0.000125,
        0.000125,
        0.000125,
        6.25e-05,
        6.25e-05,
        6.25e-05,
        6.25e-05,
        6.25e-05,
        6.25e-05,
        3.125e-05,
        3.125e-05,
        3.125e-05,
        3.125e-05
    ],
    "model_type": "modern",
    "training_start": "20260413_183103"
}