{
    "train_loss": [
        1.79271795356725,
        1.7530935652271942,
        1.7318505080611775,
        1.7107719594492412,
        1.6974924850570068,
        1.6817395437533713,
        1.6825111414117113,
        1.6670102433266247,
        1.653736456730849,
        1.6438791584596868,
        1.6408773689864737,
        1.6352354481915854,
        1.6261199951702874,
        1.617836865922125,
        1.6152933735093455,
        1.6094644961750055,
        1.600053559167348,
        1.5956266045835874,
        1.587413509067289,
        1.5823101251321805,
        1.5550818650387974,
        1.5421847766120078,
        1.5358993513281467,
        1.5330244727548883,
        1.5230638444556426,
        1.5162177627495508,
        1.517441725146797,
        1.5095293413026296,
        1.4880411707213301,
        1.4844260223724264,
        1.477964267698853,
        1.4778559542445668,
        1.471846342617791,
        1.4695378672041182,
        1.4669607275047387,
        1.452930449908454,
        1.4556152220558218,
        1.4483796015614125,
        1.451207219890603,
        1.4486713242159124,
        1.4449376011213375,
        1.4379207017958031,
        1.4388113454614821,
        1.4411590359524258,
        1.4408809249278962,
        1.436181609508455,
        1.4302926063537598,
        1.4270619626565606,
        1.431131363446038,
        1.4195006671620902
    ],
    "train_acc": [
        26.106795778327353,
        28.001671949562855,
        30.032394022780313,
        31.011181162701593,
        31.711310042147062,
        32.83290954056219,
        32.31739175868195,
        33.379776376745966,
        34.1356369082866,
        34.685986972726326,
        34.98206137448187,
        34.93677940715455,
        35.79713678637361,
        35.93994914486746,
        35.80062001462956,
        35.852868438468775,
        37.11728029537775,
        36.577379915705876,
        37.263575882127554,
        37.57009996865094,
        38.67428332578634,
        39.25598244452959,
        39.48587550942213,
        39.572956215820824,
        40.24870249747466,
        40.269601867010344,
        40.18948761712355,
        40.81298547493817,
        41.485248528336065,
        41.48176530008011,
        41.819638440907035,
        41.593228604270436,
        42.255041972900486,
        42.55808283116793,
        42.516284092096555,
        43.042251558744645,
        42.71831133094152,
        43.14326517816713,
        42.99000313490543,
        42.88202305897106,
        43.17113100421471,
        43.637883590511684,
        43.28956076491693,
        43.376641471315615,
        43.50900414504162,
        43.630917133999795,
        44.017555470409974,
        43.46023894945836,
        43.728447525166324,
        43.95834059005887
    ],
    "val_loss": [
        1.7794614534462447,
        1.7385699485255555,
        1.7362478085323774,
        1.7777836322784424,
        1.710874863430462,
        1.6931847397205049,
        1.695480599867559,
        1.7121403713141923,
        1.6537520305245323,
        1.677316559099518,
        1.6554125695101982,
        1.6716794102592807,
        1.6655463539393602,
        1.649791758672326,
        1.6847390052491584,
        1.6558340344808797,
        1.65762231518737,
        1.6779486109725141,
        1.690936792213305,
        1.6613218109164618,
        1.6323144773466398,
        1.6080244041122167,
        1.6271014361254936,
        1.6397743836968346,
        1.6426000120365514,
        1.619823285963683,
        1.626890894586006,
        1.621614574331098,
        1.6031120867855781,
        1.6074604196886046,
        1.6235959550975698,
        1.610438088400174,
        1.6071271010204755,
        1.6111930798640293,
        1.6264138717566972,
        1.6025821213173654,
        1.60660378700864,
        1.611202874014863,
        1.601309483030201,
        1.6102773900580618,
        1.6123862350936484,
        1.6028529732628207,
        1.61137294980277,
        1.6044124501996335,
        1.5996454764256436,
        1.6127414935458022,
        1.6062959453700918,
        1.6064743763577622,
        1.6070426354366065,
        1.6170263037217403
    ],
    "val_acc": [
        27.24993034271385,
        29.674003900808025,
        29.186402897743104,
        27.695736974087488,
        31.443298969072163,
        31.930899972137084,
        32.320980774589025,
        30.273056561716356,
        33.700195040401226,
        33.31011423794929,
        33.937029813318475,
        33.407634438562276,
        33.60267483978824,
        33.97882418500975,
        32.92003343549735,
        34.508219559765955,
        34.75898578991362,
        32.64140429088883,
        33.05934800780162,
        34.118138757314014,
        35.65059905266091,
        36.876567288938425,
        35.91529674003901,
        35.56701030927835,
        35.10727222067428,
        36.3332404569518,
        36.347171914182226,
        35.72025633881304,
        37.392031206464196,
        37.01588186124268,
        36.66759543048203,
        37.517414321538034,
        38.00501532460295,
        37.53134577876846,
        36.416829200334355,
        37.698523265533574,
        37.75424909445528,
        37.40596266369462,
        37.809974923376984,
        37.64279743661187,
        37.41989412092505,
        38.22791864028977,
        37.60100306492059,
        37.684591808303146,
        37.851769295068266,
        37.628865979381445,
        37.75424909445528,
        37.86570075229869,
        37.60100306492059,
        37.93535803845082
    ],
    "learning_rates": [
        0.001,
        0.001,
        0.001,
        0.001,
        0.001,
        0.001,
        0.001,
        0.001,
        0.001,
        0.001,
        0.001,
        0.001,
        0.001,
        0.001,
        0.001,
        0.001,
        0.001,
        0.001,
        0.001,
        0.001,
        0.0005,
        0.0005,
        0.0005,
        0.0005,
        0.0005,
        0.0005,
        0.0005,
        0.0005,
        0.00025,
        0.00025,
        0.00025,
        0.00025,
        0.00025,
        0.00025,
        0.00025,
        0.000125,
        0.000125,
        0.000125,
        0.000125,
        0.000125,
        0.000125,
        0.000125,
        0.000125,
        0.000125,
        0.000125,
        0.000125,
        0.000125,
        0.000125,
        0.000125,
        0.000125
    ],
    "model_type": "transfer",
    "training_start": "20260223_182324"
}